id,width,height,url,photographer,photographer_url,photographer_id,avg_color,original,large2x,large,medium,small,portrait,landscape,tiny,liked,alt,photographer_name_length,photo_size,blue_is_dominant
2027059,5760,3840,https://www.pexels.com/photo/blue-white-and-red-striped-textile-2027059/,Markus Spiske,https://www.pexels.com/@markusspiske,19851,#DFD7CE,https://images.pexels.com/photos/2027059/pexels-photo-2027059.jpeg,https://images.pexels.com/photos/2027059/pexels-photo-2027059.jpeg?auto=compress&cs=tinysrgb&dpr=2&h=650&w=940,https://images.pexels.com/photos/2027059/pexels-photo-2027059.jpeg?auto=compress&cs=tinysrgb&h=650&w=940,https://images.pexels.com/photos/2027059/pexels-photo-2027059.jpeg?auto=compress&cs=tinysrgb&h=350,https://images.pexels.com/photos/2027059/pexels-photo-2027059.jpeg?auto=compress&cs=tinysrgb&h=130,https://images.pexels.com/photos/2027059/pexels-photo-2027059.jpeg?auto=compress&cs=tinysrgb&fit=crop&h=1200&w=800,https://images.pexels.com/photos/2027059/pexels-photo-2027059.jpeg?auto=compress&cs=tinysrgb&fit=crop&h=627&w=1200,https://images.pexels.com/photos/2027059/pexels-photo-2027059.jpeg?auto=compress&cs=tinysrgb&dpr=1&fit=crop&h=200&w=280,FALSE,"A colorful rainbow pride flag waves against a bright sky, symbolizing LGBTQ+ celebration and diversity.",13,22118400,FALSE
8552208,6016,4016,https://www.pexels.com/photo/photo-of-women-kissing-8552208/,Pavel Danilyuk,https://www.pexels.com/@pavel-danilyuk,2297095,#998E72,https://images.pexels.com/photos/8552208/pexels-photo-8552208.jpeg,https://images.pexels.com/photos/8552208/pexels-photo-8552208.jpeg?auto=compress&cs=tinysrgb&dpr=2&h=650&w=940,https://images.pexels.com/photos/8552208/pexels-photo-8552208.jpeg?auto=compress&cs=tinysrgb&h=650&w=940,https://images.pexels.com/photos/8552208/pexels-photo-8552208.jpeg?auto=compress&cs=tinysrgb&h=350,https://images.pexels.com/photos/8552208/pexels-photo-8552208.jpeg?auto=compress&cs=tinysrgb&h=130,https://images.pexels.com/photos/8552208/pexels-photo-8552208.jpeg?auto=compress&cs=tinysrgb&fit=crop&h=1200&w=800,https://images.pexels.com/photos/8552208/pexels-photo-8552208.jpeg?auto=compress&cs=tinysrgb&fit=crop&h=627&w=1200,https://images.pexels.com/photos/8552208/pexels-photo-8552208.jpeg?auto=compress&cs=tinysrgb&dpr=1&fit=crop&h=200&w=280,FALSE,"Two women in an affectionate embrace with pride flag, celebrating love outdoors.",14,24160256,FALSE
9587892,3840,5760,https://www.pexels.com/photo/rainbow-flags-on-wooden-surface-9587892/,Monstera Production,https://www.pexels.com/@gabby-k,3372733,#926E4A,https://images.pexels.com/photos/9587892/pexels-photo-9587892.jpeg,https://images.pexels.com/photos/9587892/pexels-photo-9587892.jpeg?auto=compress&cs=tinysrgb&dpr=2&h=650&w=940,https://images.pexels.com/photos/9587892/pexels-photo-9587892.jpeg?auto=compress&cs=tinysrgb&h=650&w=940,https://images.pexels.com/photos/9587892/pexels-photo-9587892.jpeg?auto=compress&cs=tinysrgb&h=350,https://images.pexels.com/photos/9587892/pexels-photo-9587892.jpeg?auto=compress&cs=tinysrgb&h=130,https://images.pexels.com/photos/9587892/pexels-photo-9587892.jpeg?auto=compress&cs=tinysrgb&fit=crop&h=1200&w=800,https://images.pexels.com/photos/9587892/pexels-photo-9587892.jpeg?auto=compress&cs=tinysrgb&fit=crop&h=627&w=1200,https://images.pexels.com/photos/9587892/pexels-photo-9587892.jpeg?auto=compress&cs=tinysrgb&dpr=1&fit=crop&h=200&w=280,FALSE,"Rainbow pride flags and symbols arranged on a rustic wooden table, representing LGBTQ+ pride and unity.",19,22118400,FALSE
9050000,5922,3948,https://www.pexels.com/photo/a-romantic-couple-hugging-on-the-bed-9050000/,SHVETS production,https://www.pexels.com/@shvets-production,30353109,#826C5E,https://images.pexels.com/photos/9050000/pexels-photo-9050000.jpeg,https://images.pexels.com/photos/9050000/pexels-photo-9050000.jpeg?auto=compress&cs=tinysrgb&dpr=2&h=650&w=940,https://images.pexels.com/photos/9050000/pexels-photo-9050000.jpeg?auto=compress&cs=tinysrgb&h=650&w=940,https://images.pexels.com/photos/9050000/pexels-photo-9050000.jpeg?auto=compress&cs=tinysrgb&h=350,https://images.pexels.com/photos/9050000/pexels-photo-9050000.jpeg?auto=compress&cs=tinysrgb&h=130,https://images.pexels.com/photos/9050000/pexels-photo-9050000.jpeg?auto=compress&cs=tinysrgb&fit=crop&h=1200&w=800,https://images.pexels.com/photos/9050000/pexels-photo-9050000.jpeg?auto=compress&cs=tinysrgb&fit=crop&h=627&w=1200,https://images.pexels.com/photos/9050000/pexels-photo-9050000.jpeg?auto=compress&cs=tinysrgb&dpr=1&fit=crop&h=200&w=280,FALSE,"Affectionate couple sharing an intimate embrace on a bed with a rainbow pride flag, indoors.",17,23380056,FALSE
8735918,4480,6720,https://www.pexels.com/photo/photo-of-men-kissing-8735918/,RDNE Stock project,https://www.pexels.com/@rdne,3149039,#87634D,https://images.pexels.com/photos/8735918/pexels-photo-8735918.jpeg,https://images.pexels.com/photos/8735918/pexels-photo-8735918.jpeg?auto=compress&cs=tinysrgb&dpr=2&h=650&w=940,https://images.pexels.com/photos/8735918/pexels-photo-8735918.jpeg?auto=compress&cs=tinysrgb&h=650&w=940,https://images.pexels.com/photos/8735918/pexels-photo-8735918.jpeg?auto=compress&cs=tinysrgb&h=350,https://images.pexels.com/photos/8735918/pexels-photo-8735918.jpeg?auto=compress&cs=tinysrgb&h=130,https://images.pexels.com/photos/8735918/pexels-photo-8735918.jpeg?auto=compress&cs=tinysrgb&fit=crop&h=1200&w=800,https://images.pexels.com/photos/8735918/pexels-photo-8735918.jpeg?auto=compress&cs=tinysrgb&fit=crop&h=627&w=1200,https://images.pexels.com/photos/8735918/pexels-photo-8735918.jpeg?auto=compress&cs=tinysrgb&dpr=1&fit=crop&h=200&w=280,FALSE,"Interracial gay couple kissing on a colorful pride-themed background, celebrating love and diversity.",18,30105600,FALSE
8191737,6000,4000,https://www.pexels.com/photo/a-couple-kissing-8191737/,Antoni Shkraba Studio,https://www.pexels.com/@shkrabaanthony,2570462,#8D5731,https://images.pexels.com/photos/8191737/pexels-photo-8191737.jpeg,https://images.pexels.com/photos/8191737/pexels-photo-8191737.jpeg?auto=compress&cs=tinysrgb&dpr=2&h=650&w=940,https://images.pexels.com/photos/8191737/pexels-photo-8191737.jpeg?auto=compress&cs=tinysrgb&h=650&w=940,https://images.pexels.com/photos/8191737/pexels-photo-8191737.jpeg?auto=compress&cs=tinysrgb&h=350,https://images.pexels.com/photos/8191737/pexels-photo-8191737.jpeg?auto=compress&cs=tinysrgb&h=130,https://images.pexels.com/photos/8191737/pexels-photo-8191737.jpeg?auto=compress&cs=tinysrgb&fit=crop&h=1200&w=800,https://images.pexels.com/photos/8191737/pexels-photo-8191737.jpeg?auto=compress&cs=tinysrgb&fit=crop&h=627&w=1200,https://images.pexels.com/photos/8191737/pexels-photo-8191737.jpeg?auto=compress&cs=tinysrgb&dpr=1&fit=crop&h=200&w=280,FALSE,"Two women embracing and kissing wrapped in a pride flag, expressing love and affection.",21,24000000,FALSE
10503940,4478,6717,https://www.pexels.com/photo/lgbt-emblems-pins-and-labels-with-slogans-of-love-and-pride-10503940/,RDNE Stock project,https://www.pexels.com/@rdne,3149039,#AF8461,https://images.pexels.com/photos/10503940/pexels-photo-10503940.jpeg,https://images.pexels.com/photos/10503940/pexels-photo-10503940.jpeg?auto=compress&cs=tinysrgb&dpr=2&h=650&w=940,https://images.pexels.com/photos/10503940/pexels-photo-10503940.jpeg?auto=compress&cs=tinysrgb&h=650&w=940,https://images.pexels.com/photos/10503940/pexels-photo-10503940.jpeg?auto=compress&cs=tinysrgb&h=350,https://images.pexels.com/photos/10503940/pexels-photo-10503940.jpeg?auto=compress&cs=tinysrgb&h=130,https://images.pexels.com/photos/10503940/pexels-photo-10503940.jpeg?auto=compress&cs=tinysrgb&fit=crop&h=1200&w=800,https://images.pexels.com/photos/10503940/pexels-photo-10503940.jpeg?auto=compress&cs=tinysrgb&fit=crop&h=627&w=1200,https://images.pexels.com/photos/10503940/pexels-photo-10503940.jpeg?auto=compress&cs=tinysrgb&dpr=1&fit=crop&h=200&w=280,FALSE,Colorful collection of pride stickers emphasizing LGBTQ love and acceptance on a multicolored background.,18,30078726,FALSE
10503635,4480,6720,https://www.pexels.com/photo/lesbian-couple-leaning-on-wall-holding-hands-10503635/,RDNE Stock project,https://www.pexels.com/@rdne,3149039,#9C938A,https://images.pexels.com/photos/10503635/pexels-photo-10503635.jpeg,https://images.pexels.com/photos/10503635/pexels-photo-10503635.jpeg?auto=compress&cs=tinysrgb&dpr=2&h=650&w=940,https://images.pexels.com/photos/10503635/pexels-photo-10503635.jpeg?auto=compress&cs=tinysrgb&h=650&w=940,https://images.pexels.com/photos/10503635/pexels-photo-10503635.jpeg?auto=compress&cs=tinysrgb&h=350,https://images.pexels.com/photos/10503635/pexels-photo-10503635.jpeg?auto=compress&cs=tinysrgb&h=130,https://images.pexels.com/photos/10503635/pexels-photo-10503635.jpeg?auto=compress&cs=tinysrgb&fit=crop&h=1200&w=800,https://images.pexels.com/photos/10503635/pexels-photo-10503635.jpeg?auto=compress&cs=tinysrgb&fit=crop&h=627&w=1200,https://images.pexels.com/photos/10503635/pexels-photo-10503635.jpeg?auto=compress&cs=tinysrgb&dpr=1&fit=crop&h=200&w=280,FALSE,"A joyful couple holding hands near colorful graffiti, symbolizing pride and unity.",18,30105600,FALSE
10503434,4078,6117,https://www.pexels.com/photo/lgbt-gift-card-and-rainbow-flag-10503434/,RDNE Stock project,https://www.pexels.com/@rdne,3149039,#D98465,https://images.pexels.com/photos/10503434/pexels-photo-10503434.jpeg,https://images.pexels.com/photos/10503434/pexels-photo-10503434.jpeg?auto=compress&cs=tinysrgb&dpr=2&h=650&w=940,https://images.pexels.com/photos/10503434/pexels-photo-10503434.jpeg?auto=compress&cs=tinysrgb&h=650&w=940,https://images.pexels.com/photos/10503434/pexels-photo-10503434.jpeg?auto=compress&cs=tinysrgb&h=350,https://images.pexels.com/photos/10503434/pexels-photo-10503434.jpeg?auto=compress&cs=tinysrgb&h=130,https://images.pexels.com/photos/10503434/pexels-photo-10503434.jpeg?auto=compress&cs=tinysrgb&fit=crop&h=1200&w=800,https://images.pexels.com/photos/10503434/pexels-photo-10503434.jpeg?auto=compress&cs=tinysrgb&fit=crop&h=627&w=1200,https://images.pexels.com/photos/10503434/pexels-photo-10503434.jpeg?auto=compress&cs=tinysrgb&dpr=1&fit=crop&h=200&w=280,FALSE,A colorful greeting card featuring a pride flag and affirmation text with a cute cat.,18,24945126,FALSE
8734859,6720,4480,https://www.pexels.com/photo/a-couple-raising-their-hands-together-8734859/,RDNE Stock project,https://www.pexels.com/@rdne,3149039,#AEAFB3,https://images.pexels.com/photos/8734859/pexels-photo-8734859.jpeg,https://images.pexels.com/photos/8734859/pexels-photo-8734859.jpeg?auto=compress&cs=tinysrgb&dpr=2&h=650&w=940,https://images.pexels.com/photos/8734859/pexels-photo-8734859.jpeg?auto=compress&cs=tinysrgb&h=650&w=940,https://images.pexels.com/photos/8734859/pexels-photo-8734859.jpeg?auto=compress&cs=tinysrgb&h=350,https://images.pexels.com/photos/8734859/pexels-photo-8734859.jpeg?auto=compress&cs=tinysrgb&h=130,https://images.pexels.com/photos/8734859/pexels-photo-8734859.jpeg?auto=compress&cs=tinysrgb&fit=crop&h=1200&w=800,https://images.pexels.com/photos/8734859/pexels-photo-8734859.jpeg?auto=compress&cs=tinysrgb&fit=crop&h=627&w=1200,https://images.pexels.com/photos/8734859/pexels-photo-8734859.jpeg?auto=compress&cs=tinysrgb&dpr=1&fit=crop&h=200&w=280,FALSE,Interracial gay couple joyfully holding hands at a beach with rainbow colors in the background.,18,30105600,TRUE
8191811,6000,4000,https://www.pexels.com/photo/a-shaved-head-woman-with-painting-on-her-face-8191811/,Antoni Shkraba Studio,https://www.pexels.com/@shkrabaanthony,2570462,#B4783A,https://images.pexels.com/photos/8191811/pexels-photo-8191811.jpeg,https://images.pexels.com/photos/8191811/pexels-photo-8191811.jpeg?auto=compress&cs=tinysrgb&dpr=2&h=650&w=940,https://images.pexels.com/photos/8191811/pexels-photo-8191811.jpeg?auto=compress&cs=tinysrgb&h=650&w=940,https://images.pexels.com/photos/8191811/pexels-photo-8191811.jpeg?auto=compress&cs=tinysrgb&h=350,https://images.pexels.com/photos/8191811/pexels-photo-8191811.jpeg?auto=compress&cs=tinysrgb&h=130,https://images.pexels.com/photos/8191811/pexels-photo-8191811.jpeg?auto=compress&cs=tinysrgb&fit=crop&h=1200&w=800,https://images.pexels.com/photos/8191811/pexels-photo-8191811.jpeg?auto=compress&cs=tinysrgb&fit=crop&h=627&w=1200,https://images.pexels.com/photos/8191811/pexels-photo-8191811.jpeg?auto=compress&cs=tinysrgb&dpr=1&fit=crop&h=200&w=280,FALSE,Portrait of a person with artistic face paint and a pride flag on a vibrant background.,21,24000000,FALSE
14071164,4000,6000,https://www.pexels.com/photo/people-walking-on-the-street-14071164/,Airam Dato-on,https://www.pexels.com/@airamdphoto,373869,#584942,https://images.pexels.com/photos/14071164/pexels-photo-14071164.jpeg,https://images.pexels.com/photos/14071164/pexels-photo-14071164.jpeg?auto=compress&cs=tinysrgb&dpr=2&h=650&w=940,https://images.pexels.com/photos/14071164/pexels-photo-14071164.jpeg?auto=compress&cs=tinysrgb&h=650&w=940,https://images.pexels.com/photos/14071164/pexels-photo-14071164.jpeg?auto=compress&cs=tinysrgb&h=350,https://images.pexels.com/photos/14071164/pexels-photo-14071164.jpeg?auto=compress&cs=tinysrgb&h=130,https://images.pexels.com/photos/14071164/pexels-photo-14071164.jpeg?auto=compress&cs=tinysrgb&fit=crop&h=1200&w=800,https://images.pexels.com/photos/14071164/pexels-photo-14071164.jpeg?auto=compress&cs=tinysrgb&fit=crop&h=627&w=1200,https://images.pexels.com/photos/14071164/pexels-photo-14071164.jpeg?auto=compress&cs=tinysrgb&dpr=1&fit=crop&h=200&w=280,FALSE,"Vibrant pride parade featuring colorful outfits and pride flags, celebrating diversity and inclusion.",13,24000000,FALSE
8551987,4016,6016,https://www.pexels.com/photo/a-woman-holding-a-colorful-poster-8551987/,Pavel Danilyuk,https://www.pexels.com/@pavel-danilyuk,2297095,#A6A086,https://images.pexels.com/photos/8551987/pexels-photo-8551987.jpeg,https://images.pexels.com/photos/8551987/pexels-photo-8551987.jpeg?auto=compress&cs=tinysrgb&dpr=2&h=650&w=940,https://images.pexels.com/photos/8551987/pexels-photo-8551987.jpeg?auto=compress&cs=tinysrgb&h=650&w=940,https://images.pexels.com/photos/8551987/pexels-photo-8551987.jpeg?auto=compress&cs=tinysrgb&h=350,https://images.pexels.com/photos/8551987/pexels-photo-8551987.jpeg?auto=compress&cs=tinysrgb&h=130,https://images.pexels.com/photos/8551987/pexels-photo-8551987.jpeg?auto=compress&cs=tinysrgb&fit=crop&h=1200&w=800,https://images.pexels.com/photos/8551987/pexels-photo-8551987.jpeg?auto=compress&cs=tinysrgb&fit=crop&h=627&w=1200,https://images.pexels.com/photos/8551987/pexels-photo-8551987.jpeg?auto=compress&cs=tinysrgb&dpr=1&fit=crop&h=200&w=280,FALSE,"A woman stands outdoors holding a rainbow pride poster, symbolizing LGBTQ+ support.",14,24160256,FALSE
10503649,4235,6352,https://www.pexels.com/photo/smiling-woman-holding-pride-flag-handheld-fan-10503649/,RDNE Stock project,https://www.pexels.com/@rdne,3149039,#AFAAA7,https://images.pexels.com/photos/10503649/pexels-photo-10503649.jpeg,https://images.pexels.com/photos/10503649/pexels-photo-10503649.jpeg?auto=compress&cs=tinysrgb&dpr=2&h=650&w=940,https://images.pexels.com/photos/10503649/pexels-photo-10503649.jpeg?auto=compress&cs=tinysrgb&h=650&w=940,https://images.pexels.com/photos/10503649/pexels-photo-10503649.jpeg?auto=compress&cs=tinysrgb&h=350,https://images.pexels.com/photos/10503649/pexels-photo-10503649.jpeg?auto=compress&cs=tinysrgb&h=130,https://images.pexels.com/photos/10503649/pexels-photo-10503649.jpeg?auto=compress&cs=tinysrgb&fit=crop&h=1200&w=800,https://images.pexels.com/photos/10503649/pexels-photo-10503649.jpeg?auto=compress&cs=tinysrgb&fit=crop&h=627&w=1200,https://images.pexels.com/photos/10503649/pexels-photo-10503649.jpeg?auto=compress&cs=tinysrgb&dpr=1&fit=crop&h=200&w=280,FALSE,Smiling woman holds a vibrant rainbow pride fan celebrating LGBTQ+ pride outdoors.,18,26900720,FALSE
10503612,4480,6720,https://www.pexels.com/photo/smiling-black-haired-woman-with-lgbt-flag-10503612/,RDNE Stock project,https://www.pexels.com/@rdne,3149039,#51595C,https://images.pexels.com/photos/10503612/pexels-photo-10503612.jpeg,https://images.pexels.com/photos/10503612/pexels-photo-10503612.jpeg?auto=compress&cs=tinysrgb&dpr=2&h=650&w=940,https://images.pexels.com/photos/10503612/pexels-photo-10503612.jpeg?auto=compress&cs=tinysrgb&h=650&w=940,https://images.pexels.com/photos/10503612/pexels-photo-10503612.jpeg?auto=compress&cs=tinysrgb&h=350,https://images.pexels.com/photos/10503612/pexels-photo-10503612.jpeg?auto=compress&cs=tinysrgb&h=130,https://images.pexels.com/photos/10503612/pexels-photo-10503612.jpeg?auto=compress&cs=tinysrgb&fit=crop&h=1200&w=800,https://images.pexels.com/photos/10503612/pexels-photo-10503612.jpeg?auto=compress&cs=tinysrgb&fit=crop&h=627&w=1200,https://images.pexels.com/photos/10503612/pexels-photo-10503612.jpeg?auto=compress&cs=tinysrgb&dpr=1&fit=crop&h=200&w=280,FALSE,Smiling woman wrapped in a rainbow flag celebrating Pride outdoors.,18,30105600,TRUE
9088672,6720,4480,https://www.pexels.com/photo/embracing-couple-standing-in-embrace-against-rainbow-9088672/,RDNE Stock project,https://www.pexels.com/@rdne,3149039,#803F75,https://images.pexels.com/photos/9088672/pexels-photo-9088672.jpeg,https://images.pexels.com/photos/9088672/pexels-photo-9088672.jpeg?auto=compress&cs=tinysrgb&dpr=2&h=650&w=940,https://images.pexels.com/photos/9088672/pexels-photo-9088672.jpeg?auto=compress&cs=tinysrgb&h=650&w=940,https://images.pexels.com/photos/9088672/pexels-photo-9088672.jpeg?auto=compress&cs=tinysrgb&h=350,https://images.pexels.com/photos/9088672/pexels-photo-9088672.jpeg?auto=compress&cs=tinysrgb&h=130,https://images.pexels.com/photos/9088672/pexels-photo-9088672.jpeg?auto=compress&cs=tinysrgb&fit=crop&h=1200&w=800,https://images.pexels.com/photos/9088672/pexels-photo-9088672.jpeg?auto=compress&cs=tinysrgb&fit=crop&h=627&w=1200,https://images.pexels.com/photos/9088672/pexels-photo-9088672.jpeg?auto=compress&cs=tinysrgb&dpr=1&fit=crop&h=200&w=280,FALSE,Joyful couple embracing against a vibrant rainbow background celebrating diversity.,18,30105600,FALSE
10503431,4078,6117,https://www.pexels.com/photo/gay-pride-symbols-and-slogans-against-pink-background-10503431/,RDNE Stock project,https://www.pexels.com/@rdne,3149039,#CB908A,https://images.pexels.com/photos/10503431/pexels-photo-10503431.jpeg,https://images.pexels.com/photos/10503431/pexels-photo-10503431.jpeg?auto=compress&cs=tinysrgb&dpr=2&h=650&w=940,https://images.pexels.com/photos/10503431/pexels-photo-10503431.jpeg?auto=compress&cs=tinysrgb&h=650&w=940,https://images.pexels.com/photos/10503431/pexels-photo-10503431.jpeg?auto=compress&cs=tinysrgb&h=350,https://images.pexels.com/photos/10503431/pexels-photo-10503431.jpeg?auto=compress&cs=tinysrgb&h=130,https://images.pexels.com/photos/10503431/pexels-photo-10503431.jpeg?auto=compress&cs=tinysrgb&fit=crop&h=1200&w=800,https://images.pexels.com/photos/10503431/pexels-photo-10503431.jpeg?auto=compress&cs=tinysrgb&fit=crop&h=627&w=1200,https://images.pexels.com/photos/10503431/pexels-photo-10503431.jpeg?auto=compress&cs=tinysrgb&dpr=1&fit=crop&h=200&w=280,FALSE,Vibrant 'Lesbian Vibes' card with neon rainbow on pink background.,18,24945126,FALSE
10503437,6717,4478,https://www.pexels.com/photo/gay-pride-pins-10503437/,RDNE Stock project,https://www.pexels.com/@rdne,3149039,#F17654,https://images.pexels.com/photos/10503437/pexels-photo-10503437.jpeg,https://images.pexels.com/photos/10503437/pexels-photo-10503437.jpeg?auto=compress&cs=tinysrgb&dpr=2&h=650&w=940,https://images.pexels.com/photos/10503437/pexels-photo-10503437.jpeg?auto=compress&cs=tinysrgb&h=650&w=940,https://images.pexels.com/photos/10503437/pexels-photo-10503437.jpeg?auto=compress&cs=tinysrgb&h=350,https://images.pexels.com/photos/10503437/pexels-photo-10503437.jpeg?auto=compress&cs=tinysrgb&h=130,https://images.pexels.com/photos/10503437/pexels-photo-10503437.jpeg?auto=compress&cs=tinysrgb&fit=crop&h=1200&w=800,https://images.pexels.com/photos/10503437/pexels-photo-10503437.jpeg?auto=compress&cs=tinysrgb&fit=crop&h=627&w=1200,https://images.pexels.com/photos/10503437/pexels-photo-10503437.jpeg?auto=compress&cs=tinysrgb&dpr=1&fit=crop&h=200&w=280,FALSE,A vibrant collection of LGBT pride pins featuring rainbow flags and symbols on an orange backdrop.,18,30078726,FALSE
16742942,6016,4016,https://www.pexels.com/photo/people-posing-among-colorful-containers-16742942/,Jesús Saucedo velázquez,https://www.pexels.com/@jesus-saucedo-velazquez-553090397,553090397,#A57D63,https://images.pexels.com/photos/16742942/pexels-photo-16742942.jpeg,https://images.pexels.com/photos/16742942/pexels-photo-16742942.jpeg?auto=compress&cs=tinysrgb&dpr=2&h=650&w=940,https://images.pexels.com/photos/16742942/pexels-photo-16742942.jpeg?auto=compress&cs=tinysrgb&h=650&w=940,https://images.pexels.com/photos/16742942/pexels-photo-16742942.jpeg?auto=compress&cs=tinysrgb&h=350,https://images.pexels.com/photos/16742942/pexels-photo-16742942.jpeg?auto=compress&cs=tinysrgb&h=130,https://images.pexels.com/photos/16742942/pexels-photo-16742942.jpeg?auto=compress&cs=tinysrgb&fit=crop&h=1200&w=800,https://images.pexels.com/photos/16742942/pexels-photo-16742942.jpeg?auto=compress&cs=tinysrgb&fit=crop&h=627&w=1200,https://images.pexels.com/photos/16742942/pexels-photo-16742942.jpeg?auto=compress&cs=tinysrgb&dpr=1&fit=crop&h=200&w=280,FALSE,"Fashion models pose dynamically among colorful shipping containers in Ensenada, México.",23,24160256,FALSE
8191667,6000,4000,https://www.pexels.com/photo/portrait-of-a-woman-wearing-white-tank-top-8191667/,Antoni Shkraba Studio,https://www.pexels.com/@shkrabaanthony,2570462,#BF9259,https://images.pexels.com/photos/8191667/pexels-photo-8191667.jpeg,https://images.pexels.com/photos/8191667/pexels-photo-8191667.jpeg?auto=compress&cs=tinysrgb&dpr=2&h=650&w=940,https://images.pexels.com/photos/8191667/pexels-photo-8191667.jpeg?auto=compress&cs=tinysrgb&h=650&w=940,https://images.pexels.com/photos/8191667/pexels-photo-8191667.jpeg?auto=compress&cs=tinysrgb&h=350,https://images.pexels.com/photos/8191667/pexels-photo-8191667.jpeg?auto=compress&cs=tinysrgb&h=130,https://images.pexels.com/photos/8191667/pexels-photo-8191667.jpeg?auto=compress&cs=tinysrgb&fit=crop&h=1200&w=800,https://images.pexels.com/photos/8191667/pexels-photo-8191667.jpeg?auto=compress&cs=tinysrgb&fit=crop&h=627&w=1200,https://images.pexels.com/photos/8191667/pexels-photo-8191667.jpeg?auto=compress&cs=tinysrgb&dpr=1&fit=crop&h=200&w=280,FALSE,Young woman with short curly hair posing in a modern setting with vibrant background.,21,24000000,FALSE
8191680,4000,6000,https://www.pexels.com/photo/women-standing-together-embracing-8191680/,Antoni Shkraba Studio,https://www.pexels.com/@shkrabaanthony,2570462,#C27750,https://images.pexels.com/photos/8191680/pexels-photo-8191680.jpeg,https://images.pexels.com/photos/8191680/pexels-photo-8191680.jpeg?auto=compress&cs=tinysrgb&dpr=2&h=650&w=940,https://images.pexels.com/photos/8191680/pexels-photo-8191680.jpeg?auto=compress&cs=tinysrgb&h=650&w=940,https://images.pexels.com/photos/8191680/pexels-photo-8191680.jpeg?auto=compress&cs=tinysrgb&h=350,https://images.pexels.com/photos/8191680/pexels-photo-8191680.jpeg?auto=compress&cs=tinysrgb&h=130,https://images.pexels.com/photos/8191680/pexels-photo-8191680.jpeg?auto=compress&cs=tinysrgb&fit=crop&h=1200&w=800,https://images.pexels.com/photos/8191680/pexels-photo-8191680.jpeg?auto=compress&cs=tinysrgb&fit=crop&h=627&w=1200,https://images.pexels.com/photos/8191680/pexels-photo-8191680.jpeg?auto=compress&cs=tinysrgb&dpr=1&fit=crop&h=200&w=280,FALSE,"Close-up of a couple affectionately embracing, wrapped in a pride flag, expressing love and support.",21,24000000,FALSE
8191807,4000,6000,https://www.pexels.com/photo/a-woman-with-blue-paint-on-her-face-8191807/,Antoni Shkraba Studio,https://www.pexels.com/@shkrabaanthony,2570462,#BA722A,https://images.pexels.com/photos/8191807/pexels-photo-8191807.jpeg,https://images.pexels.com/photos/8191807/pexels-photo-8191807.jpeg?auto=compress&cs=tinysrgb&dpr=2&h=650&w=940,https://images.pexels.com/photos/8191807/pexels-photo-8191807.jpeg?auto=compress&cs=tinysrgb&h=650&w=940,https://images.pexels.com/photos/8191807/pexels-photo-8191807.jpeg?auto=compress&cs=tinysrgb&h=350,https://images.pexels.com/photos/8191807/pexels-photo-8191807.jpeg?auto=compress&cs=tinysrgb&h=130,https://images.pexels.com/photos/8191807/pexels-photo-8191807.jpeg?auto=compress&cs=tinysrgb&fit=crop&h=1200&w=800,https://images.pexels.com/photos/8191807/pexels-photo-8191807.jpeg?auto=compress&cs=tinysrgb&fit=crop&h=627&w=1200,https://images.pexels.com/photos/8191807/pexels-photo-8191807.jpeg?auto=compress&cs=tinysrgb&dpr=1&fit=crop&h=200&w=280,FALSE,"A smiling woman wrapped in a rainbow flag with face paint stands indoors, embracing LGBT pride.",21,24000000,FALSE
